"elementor-post-info__terms-list-item","elementor-heading-title","elementor-heading-title href"
"Southern Kenya","",""
"Mombasa and South Coast","",""
"Mombasa and South Coast","",""
"Nairobi Circuit","",""
"Western Kenya","",""
"Mombasa and South Coast","",""
"Nairobi Circuit","",""
"North Coast","",""
"Central Highlands","",""
"Nairobi Circuit","",""
"Nairobi Circuit","",""
"North Coast","",""
"Southern Kenya","",""
"Great Rift Valley","",""
"North Coast","",""
"Mombasa and South Coast","",""
"Western Kenya","",""
"Nairobi Circuit","",""
"Nairobi Circuit","",""
"Mombasa and South Coast","",""
"Central Highlands","Lion Hill Lodge","https://magicalkenya.com/experience/lion-hill-lodge/"
"Western Kenya","Kisumu Museum and Snake Park","https://magicalkenya.com/experience/kisumu-museum-and-snake-park/"
"Southern Kenya","Chyulu Hills National Park","https://magicalkenya.com/experience/chyulu-hills-national-park/"
"North Coast","Dhow Sailing","https://magicalkenya.com/experience/dhow-sailing/"
"Mombasa and South Coast","Haller Park","https://magicalkenya.com/experience/haller-park/"
"North Coast","Humpback Whale Watching Experience","https://magicalkenya.com/experience/humpback-whale-watching-experience/"
"Mombasa and South Coast","Glass Bottom Tours","https://magicalkenya.com/experience/glass-bottom-tours/"
"Western Kenya","Hot Air Balloon Safari","https://magicalkenya.com/experience/hot-air-balloon-safari/"
"Mombasa and South Coast","6AM NYE Festival","https://magicalkenya.com/experience/6am-nye-festival/"
"Western Kenya","The Beads Museum","https://magicalkenya.com/experience/the-beads-museum/"
"North Coast","Vipingo Ridge","https://magicalkenya.com/experience/vipingo-ridge/"
"Mombasa and South Coast","The Salty Squid","https://magicalkenya.com/experience/the-salty-squid/"
"Nairobi Circuit","Kenya National Archives","https://magicalkenya.com/experience/kenya-national-archives/"
"Western Kenya","Lake Victoria Boat Safari","https://magicalkenya.com/experience/lake-victoria-boat-safari/"
"Western Kenya","Cycling in Mara Experience","https://magicalkenya.com/experience/cycling-in-mara-experience/"
"Western Kenya","Mahali Mzuri Experience","https://magicalkenya.com/experience/mahali-mzuri-experience/"
"North Coast","Stand Up Paddle Boarding With Dolphins","https://magicalkenya.com/experience/stand-up-paddle-boarding-with-dolphins/"
"Southern Kenya","Taita Hills WWI Museum","https://magicalkenya.com/experience/taita-hills-wwi-museum/"
"North Coast","Beneath the Baobabs","https://magicalkenya.com/experience/beneath-the-baobabs/"
"Nairobi Circuit","KCB Karen Masters","https://magicalkenya.com/experience/kcb-karen-masters/"
"Central Highlands","Rhino Extravaganza at Solio Lodge","https://magicalkenya.com/experience/rhino-extravaganza-at-solio-lodge/"
"Mombasa and South Coast","Galu Beach","https://magicalkenya.com/experience/galu-beach/"
"North Coast","Mnarani ruins","https://magicalkenya.com/experience/mnarani-ruins/"
"Southern Kenya","Kilimanjaro Balloon Safaris","https://magicalkenya.com/experience/kilimanjaro-balloon-safaris/"
"Central Highlands","Pride Rock Experience","https://magicalkenya.com/experience/pride-rock-experience/"
"Nairobi Circuit","Nairobi Jazz Festival","https://magicalkenya.com/experience/nairobi-jazz-festival/"
"Nairobi Circuit","The Carnivore","https://magicalkenya.com/experience/the-carnivore/"
"Nairobi Circuit","Breakfast with Giraffes at Giraffe Manor","https://magicalkenya.com/experience/breakfast-with-giraffes-at-giraffe-manor/"
"Central Highlands","El Karama Family Experience","https://magicalkenya.com/experience/el-karama-family-experience/"
"Nairobi Circuit","Immersive Maasai Cultural Experience","https://magicalkenya.com/experience/immersive-maasai-cultural-experience/"
"Central Highlands","Karisia Walking Safaris","https://magicalkenya.com/experience/karisia-walking-safaris/"
"Western Kenya","Big Cat Safari Experience","https://magicalkenya.com/experience/big-cat-safari-experience/"
"Nairobi Circuit","Pepper Tree","https://magicalkenya.com/experience/pepper-tree/"
"Western Kenya","Maasai Mara","https://magicalkenya.com/experience/maasai-mara/"
"Mombasa and South Coast","Scuba Diving","https://magicalkenya.com/experience/scuba-diving/"
"Mombasa and South Coast","Kite Surfing","https://magicalkenya.com/experience/kite-surfing/"
"Southern Kenya","Bush Dining in Mara","https://magicalkenya.com/experience/bush-dining-in-mara/"
"Nairobi Circuit","Nairobi National Museum","https://magicalkenya.com/experience/nairobi-national-museum/"
"Nairobi Circuit","Talisman","https://magicalkenya.com/experience/talisman/"
"Nairobi Circuit","The Forest Adventure Centre","https://magicalkenya.com/experience/the-forest-adventure-centre/"
"Great Rift Valley","Golfing in the Wild","https://magicalkenya.com/experience/golfing-in-the-wild/"
"North Coast","Magical Kenya Ladies Open","https://magicalkenya.com/experience/magical-kenya-ladies-open/"
"Nairobi Circuit","Catching Light and Touching Fire","https://magicalkenya.com/experience/catching-light-and-touching-fire/"
"Great Rift Valley","Suguta Valley Day Trip By Helicopter","https://magicalkenya.com/experience/suguta-valley-day-trip-by-helicopter/"
"Mombasa and South Coast","Old Town","https://magicalkenya.com/experience/old-town/"
"Mombasa and South Coast","Swimming With The Dolphins","https://magicalkenya.com/experience/swimming-with-the-dolphins/"
"Western Kenya","Mahali Mzuri","https://magicalkenya.com/experience/mahali-mzuri/"
"Nairobi Circuit","Ngong Hills Hike","https://magicalkenya.com/experience/ngong-hills-hike/"
"Nairobi Circuit","Hashmi","https://magicalkenya.com/experience/hashmi/"
"Nairobi Circuit","Karen Blixen Museum","https://magicalkenya.com/experience/karen-blixen-museum/"
"South Eastern","Finch Hattons Luxury Experience","https://magicalkenya.com/experience/finch-hattons-luxury-experience/"
"Central Highlands","Mount Kenya: Morning of Fly-Fishing Fun","https://magicalkenya.com/experience/mount-kenya-morning-of-fly-fishing-fun/"
"North Coast","Wind Surfing","https://magicalkenya.com/experience/wind-surfing/"
"Central Highlands","Sosian Ranch Riding Experience","https://magicalkenya.com/experience/sosian-ranch-riding-experience/"
"Nairobi Circuit","The Go Down Arts Center","https://magicalkenya.com/experience/the-go-down-arts-center/"
"Western Kenya","The Kenya Sky Safari Classic","https://magicalkenya.com/experience/the-kenya-sky-safari-classic/"
"Great Rift Valley","Outdoor Adventure Experience","https://magicalkenya.com/experience/outdoor-adventure-experience/"
"Mombasa and South Coast","Indian BBQ","https://magicalkenya.com/experience/indian-bbq/"
"Nairobi Circuit","Nairobi Street Kitchen","https://magicalkenya.com/experience/nairobi-street-kitchen/"
"Nairobi Circuit","Blankets & Wine","https://magicalkenya.com/experience/blankets-wine/"
"Nairobi Circuit","Sheldrick Elephant Orphanage","https://magicalkenya.com/experience/sheldrick-elephant-orphanage/"
"Mombasa and South Coast","Fort Jesus Sound & Light Experience","https://magicalkenya.com/experience/fort-jesus-sound-light-experience/"
"Nairobi Circuit","10,000 Steps From Farm To Cup","https://magicalkenya.com/experience/10000-steps-from-farm-to-cup/"
"Mombasa and South Coast","Tamarind Dhow Dining Experience","https://magicalkenya.com/experience/tamarind-dhow-dining-experience/"
"Western Kenya","Hot Air Ballooning in Mara","https://magicalkenya.com/experience/hot-air-ballooning-in-mara/"
"Mombasa and South Coast","Shimba Hills","https://magicalkenya.com/experience/shimba-hills/"
"Nairobi Circuit","The Alchemist","https://magicalkenya.com/experience/the-alchemist/"
"Nairobi Circuit","Lukenya Motor cross","https://magicalkenya.com/experience/lukenya-motor-cross/"
"Southern Kenya","Sand River Camp","https://magicalkenya.com/experience/sand-river-camp/"
"Great Rift Valley","Go Karting In The Great Rift Valley","https://magicalkenya.com/experience/go-karting-in-the-great-rift-valley/"
"Nairobi Circuit","Maji Magic","https://magicalkenya.com/experience/maji-magic/"
"North Coast","Epic Kayaking Expedition","https://magicalkenya.com/experience/epic-kayaking-expedition/"
"Nairobi Circuit","Maasai Market","https://magicalkenya.com/experience/maasai-market/"
"Mombasa and South Coast","Street Food","https://magicalkenya.com/experience/street-food/"
"Western Kenya","Bike Trips","https://magicalkenya.com/experience/bike-trips/"
"Western Kenya","Ol Kinyei Conservancy","https://magicalkenya.com/experience/ol-kinyei-conservancy/"
"Central Highlands","In the Footsteps of Elsa the Lioness","https://magicalkenya.com/experience/in-the-footsteps-of-elsa-the-lioness/"
"Central Highlands","Remarkable Kenya With a Humanitarian Touch","https://magicalkenya.com/experience/remarkable-kenya-with-a-humanitarian-touch/"
"Western Kenya","Olare Motorogi Conservancy","https://magicalkenya.com/experience/olare-motorogi-conservancy/"
"North Coast","Kisima Festival","https://magicalkenya.com/experience/kisima-festival/"
"Great Rift Valley","The Lake Nakuru Cliff Boat Experience","https://magicalkenya.com/experience/the-lake-nakuru-cliff-boat-experience/"
"Mombasa and South Coast","Sails Beach Bar and Restaurant","https://magicalkenya.com/experience/sails-beach-bar-and-restaurant/"
"North Coast","Sailing","https://magicalkenya.com/experience/sailing/"
"Great Rift Valley","The Safari series Experience","https://magicalkenya.com/experience/the-safari-series-experience/"